insert into categories (id, name, sort_order) values
  ('literature_books', 'Literature & Books', 1),
  ('history', 'History', 2),
  ('geography', 'Geography', 3),
  ('science', 'Science', 4),
  ('arts_visual_culture', 'Arts & Visual Culture', 5),
  ('music_performing_arts', 'Music & Performing Arts', 6),
  ('religion_mythology_philosophy', 'Religion, Mythology & Philosophy', 7),
  ('language_wordplay', 'Language & Wordplay', 8),
  ('sports_games_leisure', 'Sports, Games & Leisure', 9),
  ('pop_culture_media_modern_life', 'Pop Culture, Media & Modern Life', 10)
on conflict (id) do update set
  name = excluded.name,
  sort_order = excluded.sort_order;

insert into subcategories (category_id, name, sort_order) values
  ('literature_books', 'Authors & Works', 1),
  ('literature_books', '19th-Century Novels', 2),
  ('literature_books', 'Shakespeare & Drama', 3),
  ('literature_books', 'Poetry', 4),
  ('literature_books', 'Children''s & Young Adult Literature', 5),
  ('literature_books', 'American Literature', 6),
  ('literature_books', 'British & Irish Literature', 7),
  ('literature_books', 'World Literature', 8),
  ('literature_books', 'Literary Characters', 9),
  ('literature_books', 'Awards, Movements & Terms', 10),
  ('history', 'U.S. Presidents & Elections', 1),
  ('history', 'U.S. History', 2),
  ('history', 'Ancient History', 3),
  ('history', 'Medieval & Renaissance History', 4),
  ('history', 'European History', 5),
  ('history', 'World Wars', 6),
  ('history', 'Revolutions & Independence Movements', 7),
  ('history', 'Empires & Dynasties', 8),
  ('history', 'Historical Figures', 9),
  ('history', 'Dates, Documents & Treaties', 10),
  ('geography', 'World Capitals', 1),
  ('geography', 'Countries & Borders', 2),
  ('geography', 'U.S. States & Cities', 3),
  ('geography', 'Rivers, Lakes & Seas', 4),
  ('geography', 'Mountains & Deserts', 5),
  ('geography', 'Islands & Archipelagos', 6),
  ('geography', 'World Regions', 7),
  ('geography', 'Landmarks & UNESCO Sites', 8),
  ('geography', 'Demonyms & Languages', 9),
  ('geography', 'Maps, Coordinates & Extremes', 10),
  ('science', 'Biology', 1),
  ('science', 'Chemistry', 2),
  ('science', 'Physics', 3),
  ('science', 'Astronomy & Space', 4),
  ('science', 'Earth Science', 5),
  ('science', 'Medicine & Anatomy', 6),
  ('science', 'Animals & Plants', 7),
  ('science', 'Inventions & Discoveries', 8),
  ('science', 'Scientists', 9),
  ('science', 'Units, Laws & Constants', 10),
  ('arts_visual_culture', 'Painters & Sculptors', 1),
  ('arts_visual_culture', 'Famous Artworks', 2),
  ('arts_visual_culture', 'Art Movements', 3),
  ('arts_visual_culture', 'Architecture', 4),
  ('arts_visual_culture', 'Museums & Collections', 5),
  ('arts_visual_culture', 'Photography', 6),
  ('arts_visual_culture', 'Design & Decorative Arts', 7),
  ('arts_visual_culture', 'Public Art & Monuments', 8),
  ('arts_visual_culture', 'Art Terms & Techniques', 9),
  ('arts_visual_culture', 'Patrons, Critics & Schools', 10),
  ('music_performing_arts', 'Classical Composers', 1),
  ('music_performing_arts', 'Opera', 2),
  ('music_performing_arts', 'Broadway & Musicals', 3),
  ('music_performing_arts', 'Popular Music', 4),
  ('music_performing_arts', 'Jazz & Blues', 5),
  ('music_performing_arts', 'Instruments', 6),
  ('music_performing_arts', 'Music Theory & Terms', 7),
  ('music_performing_arts', 'Dance', 8),
  ('music_performing_arts', 'Theater', 9),
  ('music_performing_arts', 'Film Scores & Soundtracks', 10),
  ('religion_mythology_philosophy', 'Greek Mythology', 1),
  ('religion_mythology_philosophy', 'Roman & Norse Mythology', 2),
  ('religion_mythology_philosophy', 'World Mythology', 3),
  ('religion_mythology_philosophy', 'Bible', 4),
  ('religion_mythology_philosophy', 'World Religions', 5),
  ('religion_mythology_philosophy', 'Religious Texts & Terms', 6),
  ('religion_mythology_philosophy', 'Philosophers', 7),
  ('religion_mythology_philosophy', 'Philosophical Schools', 8),
  ('religion_mythology_philosophy', 'Ethics & Political Thought', 9),
  ('religion_mythology_philosophy', 'Symbols, Rituals & Holidays', 10),
  ('language_wordplay', 'Etymology', 1),
  ('language_wordplay', 'Definitions', 2),
  ('language_wordplay', 'Homophones & Soundalikes', 3),
  ('language_wordplay', 'Anagrams', 4),
  ('language_wordplay', 'Before & After', 5),
  ('language_wordplay', 'Initials & Abbreviations', 6),
  ('language_wordplay', 'Foreign Words & Phrases', 7),
  ('language_wordplay', 'Grammar & Usage', 8),
  ('language_wordplay', 'Rhymes & Word Ladders', 9),
  ('language_wordplay', 'Puns, Quotes & Idioms', 10),
  ('sports_games_leisure', 'Baseball', 1),
  ('sports_games_leisure', 'Football', 2),
  ('sports_games_leisure', 'Basketball', 3),
  ('sports_games_leisure', 'Soccer', 4),
  ('sports_games_leisure', 'Tennis & Golf', 5),
  ('sports_games_leisure', 'Olympics', 6),
  ('sports_games_leisure', 'Sports Records & Awards', 7),
  ('sports_games_leisure', 'Rules & Terminology', 8),
  ('sports_games_leisure', 'Board Games & Card Games', 9),
  ('sports_games_leisure', 'Video Games & Esports', 10),
  ('pop_culture_media_modern_life', 'Film', 1),
  ('pop_culture_media_modern_life', 'Television', 2),
  ('pop_culture_media_modern_life', 'Streaming & Internet Culture', 3),
  ('pop_culture_media_modern_life', 'Comics & Graphic Novels', 4),
  ('pop_culture_media_modern_life', 'Celebrities & Public Figures', 5),
  ('pop_culture_media_modern_life', 'Brands & Advertising', 6),
  ('pop_culture_media_modern_life', 'Food & Drink', 7),
  ('pop_culture_media_modern_life', 'Fashion & Lifestyle', 8),
  ('pop_culture_media_modern_life', 'Technology & Companies', 9),
  ('pop_culture_media_modern_life', 'Recent Events & Current Affairs', 10)
on conflict (category_id, name) do update set
  sort_order = excluded.sort_order;

insert into badges (key, name, description, criteria, tier) values
  ('cartographer', 'Cartographer', 'Reach Solid in Geography.', '{"dimension":"geography","score":60}', 'bronze'),
  ('archivist', 'Archivist', 'Reach Solid in History.', '{"dimension":"history","score":60}', 'bronze'),
  ('bookworm', 'Bookworm', 'Reach Solid in Literature & Books.', '{"dimension":"literature_books","score":60}', 'bronze'),
  ('lab_coat', 'Lab Coat', 'Reach Solid in Science.', '{"dimension":"science","score":60}', 'bronze'),
  ('gallery_guide', 'Gallery Guide', 'Reach Solid in Arts & Visual Culture.', '{"dimension":"arts_visual_culture","score":60}', 'bronze'),
  ('maestro', 'Maestro', 'Reach Solid in Music & Performing Arts.', '{"dimension":"music_performing_arts","score":60}', 'bronze'),
  ('oracle', 'Oracle', 'Reach Solid in Religion, Mythology & Philosophy.', '{"dimension":"religion_mythology_philosophy","score":60}', 'bronze'),
  ('wordsmith', 'Wordsmith', 'Reach Solid in Language & Wordplay.', '{"dimension":"language_wordplay","score":60}', 'bronze'),
  ('playmaker', 'Playmaker', 'Reach Solid in Sports, Games & Leisure.', '{"dimension":"sports_games_leisure","score":60}', 'bronze'),
  ('zeitgeist', 'Zeitgeist', 'Reach Solid in Pop Culture, Media & Modern Life.', '{"dimension":"pop_culture_media_modern_life","score":60}', 'bronze'),
  ('deep_cut', 'Deep Cut', 'Answer 25 $800 clues correctly.', '{"value":800,"correct":25}', 'silver'),
  ('tournament_ready', 'Tournament Ready', 'Answer 10 $1000 clues correctly.', '{"value":1000,"correct":10}', 'silver'),
  ('clutch', 'Clutch', 'Get three $1000 clues correct in one session.', '{"value":1000,"correct_in_session":3}', 'gold'),
  ('renaissance', 'Renaissance', 'Improve any category by 15 points in 30 days.', '{"delta_30_day":15}', 'gold'),
  ('board_runner', 'Board Runner', 'Complete a 30-clue board.', '{"session_question_count":30}', 'bronze'),
  ('comeback', 'Comeback', 'Turn a miss into later correct answers.', '{"miss_then_correct":2}', 'silver'),
  ('mechanic', 'Mechanic', 'Reach Strong in three wordplay mechanics.', '{"mechanic_dimensions_strong":3}', 'gold'),
  ('generalist', 'Generalist', 'Reach Solid in all 10 primary categories.', '{"all_categories_score":60}', 'gold'),
  ('specialist', 'Specialist', 'Reach Strong in any category with high evidence.', '{"any_category_score":75,"evidence":"high"}', 'gold'),
  ('regular', 'Regular', 'Complete activity on 7 days in a row.', '{"streak_days":7}', 'bronze')
on conflict (key) do update set
  name = excluded.name,
  description = excluded.description,
  criteria = excluded.criteria,
  tier = excluded.tier;

insert into questions (
  source,
  external_id,
  category_id,
  subcategory_id,
  value,
  difficulty_rank,
  mechanic,
  constraint_text,
  clue,
  answer,
  aliases,
  tags
)
select
  seed.source,
  seed.external_id,
  seed.category_id,
  s.id,
  seed.value,
  seed.difficulty_rank,
  seed.mechanic,
  seed.constraint_text,
  seed.clue,
  seed.answer,
  seed.aliases,
  seed.tags
from (
  values
    ('manual_seed', 'geo-capitals-001', 'geography', 'World Capitals', 200, 1, 'standard', null, 'This city on the Tiber is the capital of Italy.', 'Rome', array['Roma'], array['geography','capitals']),
    ('manual_seed', 'geo-capitals-002', 'geography', 'World Capitals', 400, 2, 'crossword_clue', 'S', 'Capital of Chile.', 'Santiago', array[]::text[], array['geography','capitals','crossword']),
    ('manual_seed', 'geo-rivers-001', 'geography', 'Rivers, Lakes & Seas', 600, 3, 'standard', null, 'This river flows through Vienna, Budapest, and Belgrade before reaching the Black Sea.', 'Danube', array['the Danube'], array['geography','rivers','europe']),
    ('manual_seed', 'lit-authors-001', 'literature_books', 'Authors & Works', 200, 1, 'standard', null, 'This English author wrote Pride and Prejudice.', 'Jane Austen', array['Austen'], array['literature','authors']),
    ('manual_seed', 'lit-19c-001', 'literature_books', '19th-Century Novels', 400, 2, 'standard', null, 'This 1866 Dostoevsky novel follows Raskolnikov after the murder of a pawnbroker.', 'Crime and Punishment', array[]::text[], array['literature','russian-literature']),
    ('manual_seed', 'history-presidents-001', 'history', 'U.S. Presidents & Elections', 200, 1, 'standard', null, 'This president issued the Emancipation Proclamation in 1863.', 'Abraham Lincoln', array['Lincoln'], array['history','presidents']),
    ('manual_seed', 'history-treaties-001', 'history', 'Dates, Documents & Treaties', 600, 3, 'standard', null, 'This 1919 treaty formally ended World War I between Germany and the Allied powers.', 'Treaty of Versailles', array['Versailles'], array['history','world-wars','treaties']),
    ('manual_seed', 'science-chem-001', 'science', 'Chemistry', 200, 1, 'standard', null, 'This chemical element has the symbol O.', 'Oxygen', array[]::text[], array['science','chemistry','elements']),
    ('manual_seed', 'science-space-001', 'science', 'Astronomy & Space', 400, 2, 'standard', null, 'This largest moon of Saturn has a thick atmosphere and methane lakes.', 'Titan', array[]::text[], array['science','space']),
    ('manual_seed', 'art-painters-001', 'arts_visual_culture', 'Painters & Sculptors', 200, 1, 'standard', null, 'This Dutch painter created The Starry Night.', 'Vincent van Gogh', array['Van Gogh'], array['art','painters']),
    ('manual_seed', 'music-classical-001', 'music_performing_arts', 'Classical Composers', 200, 1, 'standard', null, 'This German composer wrote the Ninth Symphony and its Ode to Joy finale.', 'Ludwig van Beethoven', array['Beethoven'], array['music','classical']),
    ('manual_seed', 'myth-greek-001', 'religion_mythology_philosophy', 'Greek Mythology', 200, 1, 'standard', null, 'This Greek god of the sea carried a trident.', 'Poseidon', array[]::text[], array['mythology','greek']),
    ('manual_seed', 'word-crossword-001', 'language_wordplay', 'Definitions', 200, 1, 'crossword_clue', 'S', 'Large body of salt water.', 'Sea', array[]::text[], array['language','crossword']),
    ('manual_seed', 'sports-olympics-001', 'sports_games_leisure', 'Olympics', 400, 2, 'standard', null, 'This city hosted the 1992 Summer Olympics and later became associated with a Dream Team.', 'Barcelona', array[]::text[], array['sports','olympics']),
    ('manual_seed', 'pop-film-001', 'pop_culture_media_modern_life', 'Film', 200, 1, 'standard', null, 'This 1997 James Cameron film follows Jack and Rose aboard a doomed ocean liner.', 'Titanic', array[]::text[], array['film','oscars'])
) as seed(source, external_id, category_id, subcategory_name, value, difficulty_rank, mechanic, constraint_text, clue, answer, aliases, tags)
join subcategories s
  on s.category_id = seed.category_id
 and s.name = seed.subcategory_name
on conflict (source, external_id) where external_id is not null do update set
  category_id = excluded.category_id,
  subcategory_id = excluded.subcategory_id,
  value = excluded.value,
  difficulty_rank = excluded.difficulty_rank,
  mechanic = excluded.mechanic,
  constraint_text = excluded.constraint_text,
  clue = excluded.clue,
  answer = excluded.answer,
  aliases = excluded.aliases,
  tags = excluded.tags,
  is_active = true;
